INSERT INTO `user_roles` (`id`, `name`) VALUES (1, 'admin');
INSERT INTO `user_roles` (`id`, `name`) VALUES (2, 'doctor');
INSERT INTO `user_roles` (`id`, `name`) VALUES (3, 'user');

INSERT INTO `users` (`username`, `first_name`, `last_name`, `password`) VALUES ('ali32', 'Brisa', 'Collins', 'f691e20a33798d476a14c03fbfb8b0');
INSERT INTO `users` (`username`, `first_name`, `last_name`, `password`) VALUES ('balistreri.virgie', 'Sonny', 'Purdy', 'e4e46822594a4f47890a7c7a8e3e4e');
INSERT INTO `users` (`username`, `first_name`, `last_name`, `password`) VALUES ('carson35', 'Adelbert', 'Bartoletti', 'cbda7f6ecc906f77a9f993cb449fef');
INSERT INTO `users` (`username`, `first_name`, `last_name`, `password`) VALUES ('cora.koch', 'Sid', 'Ondricka', 'efa83cb881f671bc96ff1d4f0fd480');
INSERT INTO `users` (`username`, `first_name`, `last_name`, `password`) VALUES ('dewitt.schowalter', 'Samara', 'Ratke', 'dd4acc8f44a643f1c3f33585f61c07');
INSERT INTO `users` (`username`, `first_name`, `last_name`, `password`) VALUES ('ebert.angie', 'Keeley', 'Bayer', '2472453b15a77bd17a9ed16d59d6b8');
INSERT INTO `users` (`username`, `first_name`, `last_name`, `password`) VALUES ('eheathcote', 'Kirsten', 'Schulist', '848d49638f598b635ea982c89356f0');
INSERT INTO `users` (`username`, `first_name`, `last_name`, `password`) VALUES ('gkoch', 'Griffin', 'Nienow', 'b6eb625165ea8e28bee42224ed0e14');
INSERT INTO `users` (`username`, `first_name`, `last_name`, `password`) VALUES ('hane.yasmeen', 'Justine', 'Tromp', '34b992051bdedefc5df8594e544b5c');
INSERT INTO `users` (`username`, `first_name`, `last_name`, `password`) VALUES ('howell.leora', 'Lou', 'Ankunding', '70326150310beed546c0bf34e32bdd');
INSERT INTO `users` (`username`, `first_name`, `last_name`, `password`) VALUES ('hrau', 'Damaris', 'Friesen', '075f64fc10aaaffbc60a97a5914633');
INSERT INTO `users` (`username`, `first_name`, `last_name`, `password`) VALUES ('kiel.upton', 'Lexie', 'Muller', '9198d3dd95909b5abba383d5db093b');
INSERT INTO `users` (`username`, `first_name`, `last_name`, `password`) VALUES ('letha73', 'Joan', 'Nader', '62eb314c04dd6d28a74c10b7679ac5');
INSERT INTO `users` (`username`, `first_name`, `last_name`, `password`) VALUES ('lherzog', 'Javonte', 'Murazik', 'd03c8d0811f1219a7c3a42c039f8b1');
INSERT INTO `users` (`username`, `first_name`, `last_name`, `password`) VALUES ('miller.aryanna', 'Brian', 'Jaskolski', 'da2efd927a368dc08a83708647c72a');
INSERT INTO `users` (`username`, `first_name`, `last_name`, `password`) VALUES ('murphy.naomi', 'Tabitha', 'Walter', 'ee83544fb0e311d20e8507500ed6cb');
INSERT INTO `users` (`username`, `first_name`, `last_name`, `password`) VALUES ('narciso.hettinger', 'Earnestine', 'Dare', '0f2a8c83a477edf731a2ecd7d634f0');
INSERT INTO `users` (`username`, `first_name`, `last_name`, `password`) VALUES ('oo1keefe', 'Bridie', 'Morissette', '3362cbe80d995c5d1bf3e1c494c075');
INSERT INTO `users` (`username`, `first_name`, `last_name`, `password`) VALUES ('pagac.caleigh', 'Evan', 'Towne', '0ec9efea4c692388ed016ba96fe60a');
INSERT INTO `users` (`username`, `first_name`, `last_name`, `password`) VALUES ('qmclaughlin', 'Nyasia', 'Schultz', '8ee97a57a7900763c64aa33f2865e1');
INSERT INTO `users` (`username`, `first_name`, `last_name`, `password`) VALUES ('reichel.noe', 'Jessyca', 'Von', '21d9743403bdf2b5643bbb7f680214');
INSERT INTO `users` (`username`, `first_name`, `last_name`, `password`) VALUES ('roob.reanna', 'Jefferey', 'Haag', '823d7f817dd5bdc2a9056f59d83bea');
INSERT INTO `users` (`username`, `first_name`, `last_name`, `password`) VALUES ('tom87', 'Garrett', 'Crooks', '0d02b7b2248b24dbe0f0be25fbcaba');
INSERT INTO `users` (`username`, `first_name`, `last_name`, `password`) VALUES ('ureichert', 'Sage', 'Douglas', 'bacf00ead9dadf1fa6a4a1df5c047f');
INSERT INTO `users` (`username`, `first_name`, `last_name`, `password`) VALUES ('yessenia.jakubowski', 'Donna', 'Considine', 'fc34b0a45d1547ca8d171dd20d0a60');

INSERT INTO `user_user_roles` (`username`, `role_id`) VALUES ('ali32', 1);
INSERT INTO `user_user_roles` (`username`, `role_id`) VALUES ('ali32', 2);
INSERT INTO `user_user_roles` (`username`, `role_id`) VALUES ('balistreri.virgie', 2);
INSERT INTO `user_user_roles` (`username`, `role_id`) VALUES ('balistreri.virgie', 3);
INSERT INTO `user_user_roles` (`username`, `role_id`) VALUES ('carson35', 1);
INSERT INTO `user_user_roles` (`username`, `role_id`) VALUES ('carson35', 3);
INSERT INTO `user_user_roles` (`username`, `role_id`) VALUES ('cora.koch', 1);
INSERT INTO `user_user_roles` (`username`, `role_id`) VALUES ('cora.koch', 2);
INSERT INTO `user_user_roles` (`username`, `role_id`) VALUES ('dewitt.schowalter', 2);
INSERT INTO `user_user_roles` (`username`, `role_id`) VALUES ('dewitt.schowalter', 3);
INSERT INTO `user_user_roles` (`username`, `role_id`) VALUES ('ebert.angie', 1);
INSERT INTO `user_user_roles` (`username`, `role_id`) VALUES ('ebert.angie', 3);
INSERT INTO `user_user_roles` (`username`, `role_id`) VALUES ('eheathcote', 1);
INSERT INTO `user_user_roles` (`username`, `role_id`) VALUES ('eheathcote', 2);
INSERT INTO `user_user_roles` (`username`, `role_id`) VALUES ('gkoch', 2);
INSERT INTO `user_user_roles` (`username`, `role_id`) VALUES ('gkoch', 3);
INSERT INTO `user_user_roles` (`username`, `role_id`) VALUES ('hane.yasmeen', 1);
INSERT INTO `user_user_roles` (`username`, `role_id`) VALUES ('hane.yasmeen', 3);
INSERT INTO `user_user_roles` (`username`, `role_id`) VALUES ('howell.leora', 1);
INSERT INTO `user_user_roles` (`username`, `role_id`) VALUES ('howell.leora', 2);
INSERT INTO `user_user_roles` (`username`, `role_id`) VALUES ('hrau', 2);
INSERT INTO `user_user_roles` (`username`, `role_id`) VALUES ('hrau', 3);
INSERT INTO `user_user_roles` (`username`, `role_id`) VALUES ('kiel.upton', 1);
INSERT INTO `user_user_roles` (`username`, `role_id`) VALUES ('kiel.upton', 3);
INSERT INTO `user_user_roles` (`username`, `role_id`) VALUES ('letha73', 1);
INSERT INTO `user_user_roles` (`username`, `role_id`) VALUES ('letha73', 2);
INSERT INTO `user_user_roles` (`username`, `role_id`) VALUES ('lherzog', 2);
INSERT INTO `user_user_roles` (`username`, `role_id`) VALUES ('lherzog', 3);
INSERT INTO `user_user_roles` (`username`, `role_id`) VALUES ('miller.aryanna', 1);
INSERT INTO `user_user_roles` (`username`, `role_id`) VALUES ('miller.aryanna', 3);
INSERT INTO `user_user_roles` (`username`, `role_id`) VALUES ('murphy.naomi', 1);
INSERT INTO `user_user_roles` (`username`, `role_id`) VALUES ('murphy.naomi', 2);
INSERT INTO `user_user_roles` (`username`, `role_id`) VALUES ('narciso.hettinger', 2);
INSERT INTO `user_user_roles` (`username`, `role_id`) VALUES ('narciso.hettinger', 3);
INSERT INTO `user_user_roles` (`username`, `role_id`) VALUES ('oo1keefe', 1);
INSERT INTO `user_user_roles` (`username`, `role_id`) VALUES ('oo1keefe', 3);
INSERT INTO `user_user_roles` (`username`, `role_id`) VALUES ('pagac.caleigh', 1);
INSERT INTO `user_user_roles` (`username`, `role_id`) VALUES ('pagac.caleigh', 2);
INSERT INTO `user_user_roles` (`username`, `role_id`) VALUES ('qmclaughlin', 2);
INSERT INTO `user_user_roles` (`username`, `role_id`) VALUES ('qmclaughlin', 3);
INSERT INTO `user_user_roles` (`username`, `role_id`) VALUES ('reichel.noe', 1);
INSERT INTO `user_user_roles` (`username`, `role_id`) VALUES ('reichel.noe', 3);
INSERT INTO `user_user_roles` (`username`, `role_id`) VALUES ('roob.reanna', 1);
INSERT INTO `user_user_roles` (`username`, `role_id`) VALUES ('roob.reanna', 2);
INSERT INTO `user_user_roles` (`username`, `role_id`) VALUES ('tom87', 2);
INSERT INTO `user_user_roles` (`username`, `role_id`) VALUES ('tom87', 3);
INSERT INTO `user_user_roles` (`username`, `role_id`) VALUES ('ureichert', 1);
INSERT INTO `user_user_roles` (`username`, `role_id`) VALUES ('ureichert', 3);
INSERT INTO `user_user_roles` (`username`, `role_id`) VALUES ('yessenia.jakubowski', 1);
INSERT INTO `user_user_roles` (`username`, `role_id`) VALUES ('yessenia.jakubowski', 2);


INSERT INTO `animal_type` (`id`, `name`) VALUES (1, 'cat');
INSERT INTO `animal_type` (`id`, `name`) VALUES (2, 'dog');
INSERT INTO `animal_type` (`id`, `name`) VALUES (3, 'hamster');
INSERT INTO `animal_type` (`id`, `name`) VALUES (4, 'fish');
INSERT INTO `animal_type` (`id`, `name`) VALUES (5, 'bird');
INSERT INTO `animal_type` (`id`, `name`) VALUES (6, 'snake');
INSERT INTO `animal_type` (`id`, `name`) VALUES (7, 'reptile');
INSERT INTO `animal_type` (`id`, `name`) VALUES (8, 'other');

INSERT INTO `pets` (`id`, `name`, `owner`, `type`) VALUES (1, 'fuga', 'ali32', 1);
INSERT INTO `pets` (`id`, `name`, `owner`, `type`) VALUES (2, 'doloribus', 'balistreri.virgie', 2);
INSERT INTO `pets` (`id`, `name`, `owner`, `type`) VALUES (3, 'sint', 'carson35', 3);
INSERT INTO `pets` (`id`, `name`, `owner`, `type`) VALUES (4, 'repudiandae', 'cora.koch', 4);
INSERT INTO `pets` (`id`, `name`, `owner`, `type`) VALUES (5, 'quis', 'dewitt.schowalter', 5);
INSERT INTO `pets` (`id`, `name`, `owner`, `type`) VALUES (6, 'consequatur', 'ebert.angie', 6);
INSERT INTO `pets` (`id`, `name`, `owner`, `type`) VALUES (7, 'earum', 'eheathcote', 7);
INSERT INTO `pets` (`id`, `name`, `owner`, `type`) VALUES (8, 'velit', 'gkoch', 8);
INSERT INTO `pets` (`id`, `name`, `owner`, `type`) VALUES (9, 'laudantium', 'hane.yasmeen', 1);
INSERT INTO `pets` (`id`, `name`, `owner`, `type`) VALUES (10, 'excepturi', 'howell.leora', 2);
INSERT INTO `pets` (`id`, `name`, `owner`, `type`) VALUES (11, 'aut', 'hrau', 3);
INSERT INTO `pets` (`id`, `name`, `owner`, `type`) VALUES (12, 'reiciendis', 'kiel.upton', 4);
INSERT INTO `pets` (`id`, `name`, `owner`, `type`) VALUES (13, 'dicta', 'letha73', 5);
INSERT INTO `pets` (`id`, `name`, `owner`, `type`) VALUES (14, 'possimus', 'lherzog', 6);
INSERT INTO `pets` (`id`, `name`, `owner`, `type`) VALUES (15, 'aperiam', 'miller.aryanna', 7);
INSERT INTO `pets` (`id`, `name`, `owner`, `type`) VALUES (16, 'rerum', 'murphy.naomi', 8);
INSERT INTO `pets` (`id`, `name`, `owner`, `type`) VALUES (17, 'voluptas', 'narciso.hettinger', 1);
INSERT INTO `pets` (`id`, `name`, `owner`, `type`) VALUES (18, 'quos', 'oo1.keefe', 2);
INSERT INTO `pets` (`id`, `name`, `owner`, `type`) VALUES (19, 'culpa', 'pagac.caleigh', 3);
INSERT INTO `pets` (`id`, `name`, `owner`, `type`) VALUES (20, 'non', 'qmclaughlin', 4);
INSERT INTO `pets` (`id`, `name`, `owner`, `type`) VALUES (21, 'consequatur', 'reichel.noe', 5);
INSERT INTO `pets` (`id`, `name`, `owner`, `type`) VALUES (22, 'quo', 'roob.reanna', 6);
INSERT INTO `pets` (`id`, `name`, `owner`, `type`) VALUES (23, 'non', 'tom87', 7);
INSERT INTO `pets` (`id`, `name`, `owner`, `type`) VALUES (24, 'necessitatibus', 'ureichert', 8);
INSERT INTO `pets` (`id`, `name`, `owner`, `type`) VALUES (25, 'occaecati', 'yessenia.jakubowski', 1);
INSERT INTO `pets` (`id`, `name`, `owner`, `type`) VALUES (26, 'et', 'ali32', 2);
INSERT INTO `pets` (`id`, `name`, `owner`, `type`) VALUES (27, 'voluptatem', 'balistreri.virgie', 3);
INSERT INTO `pets` (`id`, `name`, `owner`, `type`) VALUES (28, 'fugit', 'carson35', 4);
INSERT INTO `pets` (`id`, `name`, `owner`, `type`) VALUES (29, 'sed', 'cora.koch', 5);
INSERT INTO `pets` (`id`, `name`, `owner`, `type`) VALUES (30, 'eum', 'dewitt.schowalter', 6);
INSERT INTO `pets` (`id`, `name`, `owner`, `type`) VALUES (31, 'earum', 'ebert.angie', 7);
INSERT INTO `pets` (`id`, `name`, `owner`, `type`) VALUES (32, 'eos', 'eheathcote', 8);
INSERT INTO `pets` (`id`, `name`, `owner`, `type`) VALUES (33, 'quia', 'gkoch', 1);
INSERT INTO `pets` (`id`, `name`, `owner`, `type`) VALUES (34, 'quia', 'hane.yasmeen', 2);
INSERT INTO `pets` (`id`, `name`, `owner`, `type`) VALUES (35, 'sunt', 'howell.leora', 3);
INSERT INTO `pets` (`id`, `name`, `owner`, `type`) VALUES (36, 'ullam', 'hrau', 4);
INSERT INTO `pets` (`id`, `name`, `owner`, `type`) VALUES (37, 'voluptates', 'kiel.upton', 5);
INSERT INTO `pets` (`id`, `name`, `owner`, `type`) VALUES (38, 'est', 'letha73', 6);
INSERT INTO `pets` (`id`, `name`, `owner`, `type`) VALUES (39, 'illum', 'lherzog', 7);
INSERT INTO `pets` (`id`, `name`, `owner`, `type`) VALUES (40, 'earum', 'miller.aryanna', 8);
INSERT INTO `pets` (`id`, `name`, `owner`, `type`) VALUES (41, 'et', 'murphy.naomi', 1);
INSERT INTO `pets` (`id`, `name`, `owner`, `type`) VALUES (42, 'libero', 'narciso.hettinger', 2);
INSERT INTO `pets` (`id`, `name`, `owner`, `type`) VALUES (43, 'illum', 'oo1.keefe', 3);
INSERT INTO `pets` (`id`, `name`, `owner`, `type`) VALUES (44, 'quisquam', 'pagac.caleigh', 4);
INSERT INTO `pets` (`id`, `name`, `owner`, `type`) VALUES (45, 'et', 'qmclaughlin', 5);
INSERT INTO `pets` (`id`, `name`, `owner`, `type`) VALUES (46, 'excepturi', 'reichel.noe', 6);
INSERT INTO `pets` (`id`, `name`, `owner`, `type`) VALUES (47, 'ut', 'roob.reanna', 7);
INSERT INTO `pets` (`id`, `name`, `owner`, `type`) VALUES (48, 'nam', 'tom87', 8);
INSERT INTO `pets` (`id`, `name`, `owner`, `type`) VALUES (49, 'quisquam', 'ureichert', 1);
INSERT INTO `pets` (`id`, `name`, `owner`, `type`) VALUES (50, 'quo', 'yessenia.jakubowski', 2);

INSERT INTO `visits` (`id`, `pet_id`, `doctor_id`, `issue`) VALUES (1, 1, 'carson35', 'Consequatur est ut tenetur aut.');
INSERT INTO `visits` (`id`, `pet_id`, `doctor_id`, `issue`) VALUES (2, 2, 'eheathcote', 'Non enim qui eum ad et voluptatem assumenda.');
INSERT INTO `visits` (`id`, `pet_id`, `doctor_id`, `issue`) VALUES (3, 3, 'gkoch', 'Voluptate tempora porro asperiores doloremque provident quasi.');
INSERT INTO `visits` (`id`, `pet_id`, `doctor_id`, `issue`) VALUES (4, 4, 'kiel.upton', 'Iusto recusandae perspiciatis aut voluptas molestias.');
INSERT INTO `visits` (`id`, `pet_id`, `doctor_id`, `issue`) VALUES (5, 5, 'narciso.hettinger', 'Tempore reiciendis et facere et accusamus et.');
INSERT INTO `visits` (`id`, `pet_id`, `doctor_id`, `issue`) VALUES (6, 6, 'pagac.caleigh', 'Exercitationem aut sed ut quod consectetur iusto ut.');
INSERT INTO `visits` (`id`, `pet_id`, `doctor_id`, `issue`) VALUES (7, 7, 'reichel.noe', 'Sequi maxime debitis dicta aliquam.');
INSERT INTO `visits` (`id`, `pet_id`, `doctor_id`, `issue`) VALUES (8, 8, 'ureichert', 'Et dignissimos eum reprehenderit ut error animi.');
INSERT INTO `visits` (`id`, `pet_id`, `doctor_id`, `issue`) VALUES (9, 9, 'yessenia.jakubowski', 'Dolor accusamus blanditiis minus rem.');
INSERT INTO `visits` (`id`, `pet_id`, `doctor_id`, `issue`) VALUES (10, 10, 'carson35', 'Id voluptatem dolorem velit et neque fuga dolorum.');
INSERT INTO `visits` (`id`, `pet_id`, `doctor_id`, `issue`) VALUES (11, 11, 'eheathcote', 'Unde exercitationem vitae id reiciendis quo laudantium non voluptatem.');
INSERT INTO `visits` (`id`, `pet_id`, `doctor_id`, `issue`) VALUES (12, 12, 'gkoch', 'Hic minima autem nisi est ratione.');
INSERT INTO `visits` (`id`, `pet_id`, `doctor_id`, `issue`) VALUES (13, 13, 'kiel.upton', 'Exercitationem rerum ea necessitatibus aut.');
INSERT INTO `visits` (`id`, `pet_id`, `doctor_id`, `issue`) VALUES (14, 14, 'narciso.hettinger', 'Asperiores ipsam aut facilis neque aut a nihil.');
INSERT INTO `visits` (`id`, `pet_id`, `doctor_id`, `issue`) VALUES (15, 15, 'pagac.caleigh', 'Ab in voluptas et illum voluptatem ullam.');
INSERT INTO `visits` (`id`, `pet_id`, `doctor_id`, `issue`) VALUES (16, 16, 'reichel.noe', 'Reiciendis nam dicta quia enim ducimus perferendis.');
INSERT INTO `visits` (`id`, `pet_id`, `doctor_id`, `issue`) VALUES (17, 17, 'ureichert', 'Ea facere ut et illo.');
INSERT INTO `visits` (`id`, `pet_id`, `doctor_id`, `issue`) VALUES (18, 18, 'yessenia.jakubowski', 'Est quibusdam placeat aperiam et quibusdam.');
INSERT INTO `visits` (`id`, `pet_id`, `doctor_id`, `issue`) VALUES (19, 19, 'carson35', 'Asperiores harum rerum dolores aspernatur amet.');
INSERT INTO `visits` (`id`, `pet_id`, `doctor_id`, `issue`) VALUES (20, 20, 'eheathcote', 'Alias quia modi eaque atque occaecati.');
INSERT INTO `visits` (`id`, `pet_id`, `doctor_id`, `issue`) VALUES (21, 21, 'gkoch', 'Quia ullam doloribus error ipsa.');
INSERT INTO `visits` (`id`, `pet_id`, `doctor_id`, `issue`) VALUES (22, 22, 'kiel.upton', 'Accusantium nihil atque at deserunt maxime.');
INSERT INTO `visits` (`id`, `pet_id`, `doctor_id`, `issue`) VALUES (23, 23, 'narciso.hettinger', 'Assumenda ex minus eos dolor quo.');
INSERT INTO `visits` (`id`, `pet_id`, `doctor_id`, `issue`) VALUES (24, 24, 'pagac.caleigh', 'Minima debitis necessitatibus fugiat rem ipsam sit beatae velit.');
INSERT INTO `visits` (`id`, `pet_id`, `doctor_id`, `issue`) VALUES (25, 25, 'reichel.noe', 'Nisi qui et aut voluptatum debitis quia placeat.');
INSERT INTO `visits` (`id`, `pet_id`, `doctor_id`, `issue`) VALUES (26, 26, 'ureichert', 'Pariatur iure doloremque est voluptas voluptatem eum.');
INSERT INTO `visits` (`id`, `pet_id`, `doctor_id`, `issue`) VALUES (27, 27, 'yessenia.jakubowski', 'Et ipsam tenetur consequatur.');
INSERT INTO `visits` (`id`, `pet_id`, `doctor_id`, `issue`) VALUES (28, 28, 'carson35', 'Quibusdam blanditiis omnis sint deleniti autem.');
INSERT INTO `visits` (`id`, `pet_id`, `doctor_id`, `issue`) VALUES (29, 29, 'eheathcote', 'Aut et nisi sapiente aut quia libero a.');
INSERT INTO `visits` (`id`, `pet_id`, `doctor_id`, `issue`) VALUES (30, 30, 'gkoch', 'Alias et non mollitia.');
INSERT INTO `visits` (`id`, `pet_id`, `doctor_id`, `issue`) VALUES (31, 31, 'kiel.upton', 'Quo eum magni illo qui.');
INSERT INTO `visits` (`id`, `pet_id`, `doctor_id`, `issue`) VALUES (32, 32, 'narciso.hettinger', 'Mollitia earum sint voluptatem optio deserunt ut.');
INSERT INTO `visits` (`id`, `pet_id`, `doctor_id`, `issue`) VALUES (33, 33, 'pagac.caleigh', 'Et voluptatem mollitia neque ut quasi quis recusandae.');
INSERT INTO `visits` (`id`, `pet_id`, `doctor_id`, `issue`) VALUES (34, 34, 'reichel.noe', 'Quae minus distinctio non inventore aperiam iste facilis.');
INSERT INTO `visits` (`id`, `pet_id`, `doctor_id`, `issue`) VALUES (35, 35, 'ureichert', 'Recusandae ut et officia sit laborum placeat.');
INSERT INTO `visits` (`id`, `pet_id`, `doctor_id`, `issue`) VALUES (36, 36, 'yessenia.jakubowski', 'Soluta dolor veritatis et cum quam.');
INSERT INTO `visits` (`id`, `pet_id`, `doctor_id`, `issue`) VALUES (37, 37, 'carson35', 'Unde autem amet dolores.');
INSERT INTO `visits` (`id`, `pet_id`, `doctor_id`, `issue`) VALUES (38, 38, 'eheathcote', 'Nisi unde porro aspernatur nisi libero.');
INSERT INTO `visits` (`id`, `pet_id`, `doctor_id`, `issue`) VALUES (39, 39, 'gkoch', 'Necessitatibus alias eligendi quo velit in repudiandae.');
INSERT INTO `visits` (`id`, `pet_id`, `doctor_id`, `issue`) VALUES (40, 40, 'kiel.upton', 'Quis quisquam reprehenderit dicta ipsa tempore et voluptatem.');
INSERT INTO `visits` (`id`, `pet_id`, `doctor_id`, `issue`) VALUES (41, 41, 'narciso.hettinger', 'In tenetur ut est accusantium quia blanditiis.');
INSERT INTO `visits` (`id`, `pet_id`, `doctor_id`, `issue`) VALUES (42, 42, 'pagac.caleigh', 'Odio excepturi ad facilis nemo consequuntur facere aliquid error.');
INSERT INTO `visits` (`id`, `pet_id`, `doctor_id`, `issue`) VALUES (43, 43, 'reichel.noe', 'Est et eligendi quam rerum sunt.');
INSERT INTO `visits` (`id`, `pet_id`, `doctor_id`, `issue`) VALUES (44, 44, 'ureichert', 'Libero natus expedita fugit id.');
INSERT INTO `visits` (`id`, `pet_id`, `doctor_id`, `issue`) VALUES (45, 45, 'yessenia.jakubowski', 'Voluptas perspiciatis quas excepturi.');
INSERT INTO `visits` (`id`, `pet_id`, `doctor_id`, `issue`) VALUES (46, 46, 'carson35', 'Veritatis unde in maiores repellat ea.');
INSERT INTO `visits` (`id`, `pet_id`, `doctor_id`, `issue`) VALUES (47, 47, 'eheathcote', 'Incidunt amet rerum repellat sunt magni iusto.');
INSERT INTO `visits` (`id`, `pet_id`, `doctor_id`, `issue`) VALUES (48, 48, 'gkoch', 'Quidem ut quia dolore quisquam aut illum iure.');
INSERT INTO `visits` (`id`, `pet_id`, `doctor_id`, `issue`) VALUES (49, 49, 'kiel.upton', 'Commodi quis quia autem itaque pariatur eveniet vitae.');
INSERT INTO `visits` (`id`, `pet_id`, `doctor_id`, `issue`) VALUES (50, 50, 'narciso.hettinger', 'Ut quaerat consequatur debitis eligendi ad officia.');
INSERT INTO `visits` (`id`, `pet_id`, `doctor_id`, `issue`) VALUES (51, 1, 'pagac.caleigh', 'Distinctio voluptas voluptates sit nostrum voluptatem nihil minima.');
INSERT INTO `visits` (`id`, `pet_id`, `doctor_id`, `issue`) VALUES (52, 2, 'reichel.noe', 'Quia enim consequatur aut totam assumenda.');
INSERT INTO `visits` (`id`, `pet_id`, `doctor_id`, `issue`) VALUES (53, 3, 'ureichert', 'Culpa deserunt est nesciunt qui eum.');
INSERT INTO `visits` (`id`, `pet_id`, `doctor_id`, `issue`) VALUES (54, 4, 'yessenia.jakubowski', 'Officia veniam quidem facere dicta cum exercitationem quo enim.');
INSERT INTO `visits` (`id`, `pet_id`, `doctor_id`, `issue`) VALUES (55, 5, 'carson35', 'Dicta neque laboriosam sit quis neque.');
INSERT INTO `visits` (`id`, `pet_id`, `doctor_id`, `issue`) VALUES (56, 6, 'eheathcote', 'Ullam eaque et qui harum ut natus vero.');
INSERT INTO `visits` (`id`, `pet_id`, `doctor_id`, `issue`) VALUES (57, 7, 'gkoch', 'Tenetur hic corrupti ipsa molestias delectus perferendis.');
INSERT INTO `visits` (`id`, `pet_id`, `doctor_id`, `issue`) VALUES (58, 8, 'kiel.upton', 'In excepturi deleniti deserunt cum quod nostrum commodi.');
INSERT INTO `visits` (`id`, `pet_id`, `doctor_id`, `issue`) VALUES (59, 9, 'narciso.hettinger', 'Voluptas quia vero mollitia et.');
INSERT INTO `visits` (`id`, `pet_id`, `doctor_id`, `issue`) VALUES (60, 10, 'pagac.caleigh', 'Sit iure magni veritatis assumenda.');